id,name,district_id,type
1,फुङलिङ नगरपालिका,651d4b1633e84749fb851997,651d552965ccbc919793f47c
2,आठराई त्रिवेणी गाउँपालिका,651d4b1633e84749fb851997,651d4e2848c32a9d79647854
3,सिदिङ्वा गाउँपालिका,651d4b1633e84749fb851997,651d4e2848c32a9d79647854
4,फक्ताङलुङ गाउँपालिका,651d4b1633e84749fb851997,651d4e2848c32a9d79647854
5,मिक्वाखोला गाउँपालिका,651d4b1633e84749fb851997,651d4e2848c32a9d79647854
6,मेरिङदेन गाउँपालिका,651d4b1633e84749fb851997,651d4e2848c32a9d79647854
7,मैवाखोला गाउँपालिका,651d4b1633e84749fb851997,651d4e2848c32a9d79647854
8,याङवरक गाउँपालिका,651d4b1633e84749fb851997,651d4e2848c32a9d79647854
9,सिरीजङ्घा गाउँपालिका,651d4b1633e84749fb851997,651d4e2848c32a9d79647854
10,फिदिम नगरपालिका,651d4b1633e84749fb851998,651d552965ccbc919793f47c
11,फालेलुंग गाउँपालिका,651d4b1633e84749fb851998,651d4e2848c32a9d79647854
12,फाल्गुनन्द गाउँपालिका,651d4b1633e84749fb851998,651d4e2848c32a9d79647854
13,हिलिहाङ गाउँपालिका,651d4b1633e84749fb851998,651d4e2848c32a9d79647854
14,कुम्मायक गाउँपालिका,651d4b1633e84749fb851998,651d4e2848c32a9d79647854
15,मिक्लाजुङ गाउँपालिका,651d4b1633e84749fb851998,651d4e2848c32a9d79647854
16,तुम्बेवा गाउँपालिका,651d4b1633e84749fb851998,651d4e2848c32a9d79647854
17,ईलाम नगरपालिका,651d4b1633e84749fb851999,651d552965ccbc919793f47c
18,देउमाई नगरपालिका,651d4b1633e84749fb851999,651d552965ccbc919793f47c
19,माई नगरपालिका,651d4b1633e84749fb851999,651d552965ccbc919793f47c
20,सूर्योदय नगरपालिका,651d4b1633e84749fb851999,651d552965ccbc919793f47c
21,फाकफोकथुम गाउँपालिका,651d4b1633e84749fb851999,651d4e2848c32a9d79647854
22,चुलाचुली गाउँपालिका,651d4b1633e84749fb851999,651d4e2848c32a9d79647854
23,माईजोगमाई गाउँपालिका,651d4b1633e84749fb851999,651d4e2848c32a9d79647854
24,माङसेबुङ गाउँपालिका,651d4b1633e84749fb851999,651d4e2848c32a9d79647854
25,रोङ गाउँपालिका,651d4b1633e84749fb851999,651d4e2848c32a9d79647854
26,सन्दकपुर गाउँपालिका,651d4b1633e84749fb851999,651d4e2848c32a9d79647854
27,मेचीनगर नगरपालिका,651d4b1633e84749fb85199a,651d552965ccbc919793f47c
28,दमक नगरपालिका,651d4b1633e84749fb85199a,651d552965ccbc919793f47c
29,कन्काई नगरपालिका,651d4b1633e84749fb85199a,651d552965ccbc919793f47c
30,भद्रपुर नगरपालिका,651d4b1633e84749fb85199a,651d552965ccbc919793f47c
31,अर्जुनधारा नगरपालिका,651d4b1633e84749fb85199a,651d552965ccbc919793f47c
32,शिवशताक्षी नगरपालिका,651d4b1633e84749fb85199a,651d552965ccbc919793f47c
33,गौरादह नगरपालिका,651d4b1633e84749fb85199a,651d552965ccbc919793f47c
34,विर्तामोड नगरपालिका,651d4b1633e84749fb85199a,651d552965ccbc919793f47c
35,कमल गाउँपालिका,651d4b1633e84749fb85199a,651d4e2848c32a9d79647854
36,गौरीगंज गाउँपालिका,651d4b1633e84749fb85199a,651d4e2848c32a9d79647854
37,बाह्रदशी गाउँपालिका,651d4b1633e84749fb85199a,651d4e2848c32a9d79647854
38,झापा गाउँपालिका,651d4b1633e84749fb85199a,651d4e2848c32a9d79647854
39,बुद्धशान्ति गाउँपालिका,651d4b1633e84749fb85199a,651d4e2848c32a9d79647854
40,हल्दिवारी गाउँपालिका,651d4b1633e84749fb85199a,651d4e2848c32a9d79647854
41,कचनकवल गाउँपालिका,651d4b1633e84749fb85199a,651d4e2848c32a9d79647854
42,विराटनगर महानगरपालिका,651d4b1633e84749fb85199b,651d4e5a48c32a9d79647858
43,बेलवारी नगरपालिका,651d4b1633e84749fb85199b,651d552965ccbc919793f47c
44,लेटाङ नगरपालिका,651d4b1633e84749fb85199b,651d552965ccbc919793f47c
45,पथरी शनिश्चरे नगरपालिका,651d4b1633e84749fb85199b,651d552965ccbc919793f47c
46,रंगेली नगरपालिका,651d4b1633e84749fb85199b,651d552965ccbc919793f47c
47,रतुवामाई नगरपालिका,651d4b1633e84749fb85199b,651d552965ccbc919793f47c
48,सुनवर्षि नगरपालिका,651d4b1633e84749fb85199b,651d552965ccbc919793f47c
49,उर्लावारी नगरपालिका,651d4b1633e84749fb85199b,651d552965ccbc919793f47c
50,सुन्दरहरैचा नगरपालिका,651d4b1633e84749fb85199b,651d552965ccbc919793f47c
51,बुढीगंगा गाउँपालिका,651d4b1633e84749fb85199b,651d4e2848c32a9d79647854
52,धनपालथान गाउँपालिका,651d4b1633e84749fb85199b,651d4e2848c32a9d79647854
53,ग्रामथान गाउँपालिका,651d4b1633e84749fb85199b,651d4e2848c32a9d79647854
54,जहदा गाउँपालिका,651d4b1633e84749fb85199b,651d4e2848c32a9d79647854
55,कानेपोखरी गाउँपालिका,651d4b1633e84749fb85199b,651d4e2848c32a9d79647854
56,कटहरी गाउँपालिका,651d4b1633e84749fb85199b,651d4e2848c32a9d79647854
57,केरावारी गाउँपालिका,651d4b1633e84749fb85199b,651d4e2848c32a9d79647854
58,ईटहरी उपमहानगरपालिका,651d4b1633e84749fb85199c,651d4e4a48c32a9d79647856
59,धरान उपमहानगरपालिका,651d4b1633e84749fb85199c,651d4e4a48c32a9d79647856
60,ईनरुवा नगरपालिका,651d4b1633e84749fb85199c,651d552965ccbc919793f47c
61,दुहवी नगरपालिका,651d4b1633e84749fb85199c,651d552965ccbc919793f47c
62,रामधुनी नगरपालिका,651d4b1633e84749fb85199c,651d552965ccbc919793f47c
63,बराह नगरपालिका,651d4b1633e84749fb85199c,651d552965ccbc919793f47c
64,देवानगञ्ज गाउँपालिका,651d4b1633e84749fb85199c,651d4e2848c32a9d79647854
65,कोशी गाउँपालिका,651d4b1633e84749fb85199c,651d4e2848c32a9d79647854
66,गढी गाउँपालिका,651d4b1633e84749fb85199c,651d4e2848c32a9d79647854
67,बर्जु गाउँपालिका,651d4b1633e84749fb85199c,651d4e2848c32a9d79647854
68,भोक्राहा गाउँपालिका,651d4b1633e84749fb85199c,651d4e2848c32a9d79647854
69,हरिनगरा गाउँपालिका,651d4b1633e84749fb85199c,651d4e2848c32a9d79647854
70,पाख्रिबास नगरपालिका,651d4b1633e84749fb85199d,651d552965ccbc919793f47c
71,धनकुटा नगरपालिका,651d4b1633e84749fb85199d,651d552965ccbc919793f47c
72,महालक्ष्मी नगरपालिका,651d4b1633e84749fb85199d,651d552965ccbc919793f47c
73,साँगुरीगढी गाउँपालिका,651d4b1633e84749fb85199d,651d4e2848c32a9d79647854
74,खाल्सा छिन्ताङ सहिदभूमि गाउँपालिका,651d4b1633e84749fb85199d,651d4e2848c32a9d79647854
75,छथर जोरपाटी गाउँपालिका,651d4b1633e84749fb85199d,651d4e2848c32a9d79647854
76,चौविसे गाउँपालिका,651d4b1633e84749fb85199d,651d4e2848c32a9d79647854
77,म्याङलुङ नगरपालिका,651d4b1633e84749fb85199e,651d552965ccbc919793f47c
78,लालीगुराँस नगरपालिका,651d4b1633e84749fb85199e,651d552965ccbc919793f47c
79,आठराई गाउँपालिका,651d4b1633e84749fb85199e,651d4e2848c32a9d79647854
80,छथर गाउँपालिका,651d4b1633e84749fb85199e,651d4e2848c32a9d79647854
81,फेदाप गाउँपालिका,651d4b1633e84749fb85199e,651d4e2848c32a9d79647854
82,मेन्छयायेम गाउँपालिका,651d4b1633e84749fb85199e,651d4e2848c32a9d79647854
83,चैनपुर नगरपालिका,651d4b1633e84749fb85199f,651d552965ccbc919793f47c
84,धर्मदेवी नगरपालिका,651d4b1633e84749fb85199f,651d552965ccbc919793f47c
85,खाँदवारी नगरपालिका,651d4b1633e84749fb85199f,651d552965ccbc919793f47c
86,मादी नगरपालिका,651d4b1633e84749fb85199f,651d552965ccbc919793f47c
87,पाँचखपन नगरपालिका,651d4b1633e84749fb85199f,651d552965ccbc919793f47c
88,भोटखोला गाउँपालिका,651d4b1633e84749fb85199f,651d4e2848c32a9d79647854
89,चिचिला गाउँपालिका,651d4b1633e84749fb85199f,651d4e2848c32a9d79647854
90,मकालु गाउँपालिका,651d4b1633e84749fb85199f,651d4e2848c32a9d79647854
91,सभापोखरी गाउँपालिका,651d4b1633e84749fb85199f,651d4e2848c32a9d79647854
92,सिलीचोङ गाउँपालिका,651d4b1633e84749fb85199f,651d4e2848c32a9d79647854
93,भोजपुर नगरपालिका,651d4b1633e84749fb8519a0,651d552965ccbc919793f47c
94,षडानन्द नगरपालिका,651d4b1633e84749fb8519a0,651d552965ccbc919793f47c
95,ट्याम्केमैयुम गाउँपालिका,651d4b1633e84749fb8519a0,651d4e2848c32a9d79647854
96,रामप्रसाद राई गाउँपालिका,651d4b1633e84749fb8519a0,651d4e2848c32a9d79647854
97,अरुण गाउँपालिका,651d4b1633e84749fb8519a0,651d4e2848c32a9d79647854
98,पौवादुङमा गाउँपालिका,651d4b1633e84749fb8519a0,651d4e2848c32a9d79647854
99,साल्पासिलिछो गाउँपालिका,651d4b1633e84749fb8519a0,651d4e2848c32a9d79647854
100,आमचोक गाउँपालिका,651d4b1633e84749fb8519a0,651d4e2848c32a9d79647854
101,हतुवागढी गाउँपालिका,651d4b1633e84749fb8519a0,651d4e2848c32a9d79647854
102,सोलुदुधकुण्ड नगरपालिका,651d4b1633e84749fb8519a1,651d552965ccbc919793f47c
103,दुधकोसी गाउँपालिका,651d4b1633e84749fb8519a1,651d4e2848c32a9d79647854
104,खुम्वु पासाङल्हमु गाउँपालिका,651d4b1633e84749fb8519a1,651d4e2848c32a9d79647854
105,दुधकौशिका गाउँपालिका,651d4b1633e84749fb8519a1,651d4e2848c32a9d79647854
106,नेचासल्यान गाउँपालिका,651d4b1633e84749fb8519a1,651d4e2848c32a9d79647854
107,माहाकुलुङ गाउँपालिका,651d4b1633e84749fb8519a1,651d4e2848c32a9d79647854
108,लिखु पिके गाउँपालिका,651d4b1633e84749fb8519a1,651d4e2848c32a9d79647854
109,सोताङ गाउँपालिका,651d4b1633e84749fb8519a1,651d4e2848c32a9d79647854
110,सिद्दिचरण नगरपालिका,651d4b1633e84749fb8519a2,651d552965ccbc919793f47c
111,खिजिदेम्बा गाउँपालिका,651d4b1633e84749fb8519a2,651d4e2848c32a9d79647854
112,चम्पादेवी गाउँपालिका,651d4b1633e84749fb8519a2,651d4e2848c32a9d79647854
113,चिशंखुगढी गाउँपालिका,651d4b1633e84749fb8519a2,651d4e2848c32a9d79647854
114,मानेभञ्याङ गाउँपालिका,651d4b1633e84749fb8519a2,651d4e2848c32a9d79647854
115,मोलुङ गाउँपालिका,651d4b1633e84749fb8519a2,651d4e2848c32a9d79647854
116,लिखु गाउँपालिका,651d4b1633e84749fb8519a2,651d4e2848c32a9d79647854
117,सुनकोशी गाउँपालिका,651d4b1633e84749fb8519a2,651d4e2848c32a9d79647854
118,हलेसी तुवाचुङ नगरपालिका,651d4b1633e84749fb8519a3,651d552965ccbc919793f47c
119,रुपाकोट मझुवागढी नगरपालिका,651d4b1633e84749fb8519a3,651d552965ccbc919793f47c
120,ऐसेलुखर्क गाउँपालिका,651d4b1633e84749fb8519a3,651d4e2848c32a9d79647854
121,लामीडाँडा गाउँपालिका,651d4b1633e84749fb8519a3,651d4e2848c32a9d79647854
122,जन्तेढुंगा गाउँपालिका,651d4b1633e84749fb8519a3,651d4e2848c32a9d79647854
123,खोटेहाङ गाउँपालिका,651d4b1633e84749fb8519a3,651d4e2848c32a9d79647854
124,केपिलासगढी गाउँपालिका,651d4b1633e84749fb8519a3,651d4e2848c32a9d79647854
125,दिप्रुङ गाउँपालिका,651d4b1633e84749fb8519a3,651d4e2848c32a9d79647854
126,साकेला गाउँपालिका,651d4b1633e84749fb8519a3,651d4e2848c32a9d79647854
127,वराहपोखरी गाउँपालिका,651d4b1633e84749fb8519a3,651d4e2848c32a9d79647854
128,कटारी नगरपालिका,651d4b1633e84749fb8519a4,651d552965ccbc919793f47c
129,चौदण्डीगढी नगरपालिका,651d4b1633e84749fb8519a4,651d552965ccbc919793f47c
130,त्रियुगा नगरपालिका,651d4b1633e84749fb8519a4,651d552965ccbc919793f47c
131,वेलका नगरपालिका,651d4b1633e84749fb8519a4,651d552965ccbc919793f47c
132,उदयपुरगढी गाउँपालिका,651d4b1633e84749fb8519a4,651d4e2848c32a9d79647854
133,ताप्ली गाउँपालिका,651d4b1633e84749fb8519a4,651d4e2848c32a9d79647854
134,रौतामाई गाउँपालिका,651d4b1633e84749fb8519a4,651d4e2848c32a9d79647854
135,राजविराज नगरपालिका,651d4b1633e84749fb8519a5,651d552965ccbc919793f47c
136,कञ्चनरुप नगरपालिका,651d4b1633e84749fb8519a5,651d552965ccbc919793f47c
137,डाक्नेश्वरी नगरपालिका,651d4b1633e84749fb8519a5,651d552965ccbc919793f47c
138,बोदेबरसाईन नगरपालिका,651d4b1633e84749fb8519a5,651d552965ccbc919793f47c
139,खडक नगरपालिका,651d4b1633e84749fb8519a5,651d552965ccbc919793f47c
140,शम्भुनाथ नगरपालिका,651d4b1633e84749fb8519a5,651d552965ccbc919793f47c
141,सुरुङ्‍गा नगरपालिका,651d4b1633e84749fb8519a5,651d552965ccbc919793f47c
142,हनुमाननगर कङ्‌कालिनी नगरपालिका,651d4b1633e84749fb8519a5,651d552965ccbc919793f47c
143,सप्तकोशी नगरपालिका,651d4b1633e84749fb8519a5,651d552965ccbc919793f47c
144,अग्निसाइर कृष्णासवरन गाउँपालिका,651d4b1633e84749fb8519a5,651d4e2848c32a9d79647854
145,छिन्नमस्ता गाउँपालिका,651d4b1633e84749fb8519a5,651d4e2848c32a9d79647854
146,महादेवा गाउँपालिका,651d4b1633e84749fb8519a5,651d4e2848c32a9d79647854
147,तिरहुत गाउँपालिका,651d4b1633e84749fb8519a5,651d4e2848c32a9d79647854
148,तिलाठी कोईलाडी गाउँपालिका,651d4b1633e84749fb8519a5,651d4e2848c32a9d79647854
149,रुपनी गाउँपालिका,651d4b1633e84749fb8519a5,651d4e2848c32a9d79647854
150,बेल्ही चपेना गाउँपालिका,651d4b1633e84749fb8519a5,651d4e2848c32a9d79647854
151,बिष्णुपुर गाउँपालिका,651d4b1633e84749fb8519a5,651d4e2848c32a9d79647854
152,बलान-बिहुल गाउँपालिका,651d4b1633e84749fb8519a5,651d4e2848c32a9d79647854
153,लहान नगरपालिका,651d4b1633e84749fb8519a6,651d552965ccbc919793f47c
154,धनगढीमाई नगरपालिका,651d4b1633e84749fb8519a6,651d552965ccbc919793f47c
155,सिरहा नगरपालिका,651d4b1633e84749fb8519a6,651d552965ccbc919793f47c
156,गोलबजार नगरपालिका,651d4b1633e84749fb8519a6,651d552965ccbc919793f47c
157,मिर्चैयाँ नगरपालिका,651d4b1633e84749fb8519a6,651d552965ccbc919793f47c
158,कल्याणपुर नगरपालिका,651d4b1633e84749fb8519a6,651d552965ccbc919793f47c
159,कर्जन्हा नगरपालिका,651d4b1633e84749fb8519a6,651d552965ccbc919793f47c
160,सुखीपुर नगरपालिका,651d4b1633e84749fb8519a6,651d552965ccbc919793f47c
161,भगवानपुर गाउँपालिका,651d4b1633e84749fb8519a6,651d4e2848c32a9d79647854
162,औरही गाउँपालिका,651d4b1633e84749fb8519a6,651d4e2848c32a9d79647854
163,विष्णुपुर गाउँपालिका,651d4b1633e84749fb8519a6,651d4e2848c32a9d79647854
164,बरियारपट्टी गाउँपालिका,651d4b1633e84749fb8519a6,651d4e2848c32a9d79647854
165,लक्ष्मीपुर पतारी गाउँपालिका,651d4b1633e84749fb8519a6,651d4e2848c32a9d79647854
166,नरहा गाउँपालिका,651d4b1633e84749fb8519a6,651d4e2848c32a9d79647854
167,सखुवानान्कारकट्टी गाउँपालिका,651d4b1633e84749fb8519a6,651d4e2848c32a9d79647854
168,अर्नमा गाउँपालिका,651d4b1633e84749fb8519a6,651d4e2848c32a9d79647854
169,नवराजपुर गाउँपालिका,651d4b1633e84749fb8519a6,651d4e2848c32a9d79647854
170,जनकपुर उपमहानगरपालिका,651d4b1633e84749fb8519a7,651d4e4a48c32a9d79647856
171,क्षिरेश्वरनाथ नगरपालिका,651d4b1633e84749fb8519a7,651d552965ccbc919793f47c
172,गणेशमान चारनाथ नगरपालिका,651d4b1633e84749fb8519a7,651d552965ccbc919793f47c
173,धनुषाधाम नगरपालिका,651d4b1633e84749fb8519a7,651d552965ccbc919793f47c
174,नगराइन नगरपालिका,651d4b1633e84749fb8519a7,651d552965ccbc919793f47c
175,विदेह नगरपालिका,651d4b1633e84749fb8519a7,651d552965ccbc919793f47c
176,मिथिला नगरपालिका,651d4b1633e84749fb8519a7,651d552965ccbc919793f47c
177,शहीदनगर नगरपालिका,651d4b1633e84749fb8519a7,651d552965ccbc919793f47c
178,सबैला नगरपालिका,651d4b1633e84749fb8519a7,651d552965ccbc919793f47c
179,कमला नगरपालिका,651d4b1633e84749fb8519a7,651d552965ccbc919793f47c
180,मिथिला बिहारी नगरपालिका,651d4b1633e84749fb8519a7,651d552965ccbc919793f47c
181,हंसपुर नगरपालिका,651d4b1633e84749fb8519a7,651d552965ccbc919793f47c
182,जनकनन्दिनी गाउँपालिका,651d4b1633e84749fb8519a7,651d4e2848c32a9d79647854
183,बटेश्वर गाउँपालिका,651d4b1633e84749fb8519a7,651d4e2848c32a9d79647854
184,मुखियापट्टी मुसहरमिया गाउँपालिका,651d4b1633e84749fb8519a7,651d4e2848c32a9d79647854
185,लक्ष्मीनिया गाउँपालिका,651d4b1633e84749fb8519a7,651d4e2848c32a9d79647854
186,धनौजी गाउँपालिका,651d4b1633e84749fb8519a7,651d4e2848c32a9d79647854
187,जलेश्वर नगरपालिका,651d4b1633e84749fb8519a8,651d552965ccbc919793f47c
188,बर्दिबास नगरपालिका,651d4b1633e84749fb8519a8,651d552965ccbc919793f47c
189,गौशाला नगरपालिका,651d4b1633e84749fb8519a8,651d552965ccbc919793f47c
190,लोहरपट्टी नगरपालिका,651d4b1633e84749fb8519a8,651d552965ccbc919793f47c
191,रामगोपालपुर नगरपालिका,651d4b1633e84749fb8519a8,651d552965ccbc919793f47c
192,मनरा शिसवा नगरपालिका,651d4b1633e84749fb8519a8,651d552965ccbc919793f47c
193,मटिहानी नगरपालिका,651d4b1633e84749fb8519a8,651d552965ccbc919793f47c
194,भँगाहा नगरपालिका,651d4b1633e84749fb8519a8,651d552965ccbc919793f47c
195,बलवा नगरपालिका,651d4b1633e84749fb8519a8,651d552965ccbc919793f47c
196,औरही नगरपालिका,651d4b1633e84749fb8519a8,651d552965ccbc919793f47c
197,एकडारा गाउँपालिका,651d4b1633e84749fb8519a8,651d4e2848c32a9d79647854
198,सोनमा गाउँपालिका,651d4b1633e84749fb8519a8,651d4e2848c32a9d79647854
199,साम्सी गाउँपालिका,651d4b1633e84749fb8519a8,651d4e2848c32a9d79647854
200,महोत्तरी गाउँपालिका,651d4b1633e84749fb8519a8,651d4e2848c32a9d79647854
201,पिपरा गाउँपालिका,651d4b1633e84749fb8519a8,651d4e2848c32a9d79647854
202,ईश्वरपुर नगरपालिका,651d4b1633e84749fb8519a9,651d552965ccbc919793f47c
203,मलंगवा नगरपालिका,651d4b1633e84749fb8519a9,651d552965ccbc919793f47c
204,लालबन्दी नगरपालिका,651d4b1633e84749fb8519a9,651d552965ccbc919793f47c
205,हरिपुर नगरपालिका,651d4b1633e84749fb8519a9,651d552965ccbc919793f47c
206,हरिपुर्वा नगरपालिका,651d4b1633e84749fb8519a9,651d552965ccbc919793f47c
207,हरिवन नगरपालिका,651d4b1633e84749fb8519a9,651d552965ccbc919793f47c
208,बरहथवा नगरपालिका,651d4b1633e84749fb8519a9,651d552965ccbc919793f47c
209,बलरा नगरपालिका,651d4b1633e84749fb8519a9,651d552965ccbc919793f47c
210,गोडैटा नगरपालिका,651d4b1633e84749fb8519a9,651d552965ccbc919793f47c
211,बागमती नगरपालिका,651d4b1633e84749fb8519a9,651d552965ccbc919793f47c
212,कविलासी नगरपालिका,651d4b1633e84749fb8519a9,651d552965ccbc919793f47c
213,चक्रघट्टा गाउँपालिका,651d4b1633e84749fb8519a9,651d4e2848c32a9d79647854
214,चन्द्रनगर गाउँपालिका,651d4b1633e84749fb8519a9,651d4e2848c32a9d79647854
215,धनकौल गाउँपालिका,651d4b1633e84749fb8519a9,651d4e2848c32a9d79647854
216,ब्रह्मपुरी गाउँपालिका,651d4b1633e84749fb8519a9,651d4e2848c32a9d79647854
217,रामनगर गाउँपालिका,651d4b1633e84749fb8519a9,651d4e2848c32a9d79647854
218,विष्णु गाउँपालिका,651d4b1633e84749fb8519a9,651d4e2848c32a9d79647854
219,कौडेना गाउँपालिका,651d4b1633e84749fb8519a9,651d4e2848c32a9d79647854
220,पर्सा गाउँपालिका,651d4b1633e84749fb8519a9,651d4e2848c32a9d79647854
221,बसबरीया गाउँपालिका,651d4b1633e84749fb8519a9,651d4e2848c32a9d79647854
222,चन्द्रपुर नगरपालिका,651d4b1633e84749fb8519aa,651d552965ccbc919793f47c
223,गरुडा नगरपालिका,651d4b1633e84749fb8519aa,651d552965ccbc919793f47c
224,गौर नगरपालिका,651d4b1633e84749fb8519aa,651d552965ccbc919793f47c
225,बौधीमाई नगरपालिका,651d4b1633e84749fb8519aa,651d552965ccbc919793f47c
226,बृन्दावन नगरपालिका,651d4b1633e84749fb8519aa,651d552965ccbc919793f47c
227,देवाही गोनाही नगरपालिका,651d4b1633e84749fb8519aa,651d552965ccbc919793f47c
228,गढीमाई नगरपालिका,651d4b1633e84749fb8519aa,651d552965ccbc919793f47c
229,गुजरा नगरपालिका,651d4b1633e84749fb8519aa,651d552965ccbc919793f47c
230,कटहरिया नगरपालिका,651d4b1633e84749fb8519aa,651d552965ccbc919793f47c
231,माधव नारायण नगरपालिका,651d4b1633e84749fb8519aa,651d552965ccbc919793f47c
232,मौलापुर नगरपालिका,651d4b1633e84749fb8519aa,651d552965ccbc919793f47c
233,फतुवाबिजयपुर नगरपालिका,651d4b1633e84749fb8519aa,651d552965ccbc919793f47c
234,ईशनाथ नगरपालिका,651d4b1633e84749fb8519aa,651d552965ccbc919793f47c
235,परोहा नगरपालिका,651d4b1633e84749fb8519aa,651d552965ccbc919793f47c
236,राजपुर नगरपालिका,651d4b1633e84749fb8519aa,651d552965ccbc919793f47c
237,राजदेवी नगरपालिका,651d4b1633e84749fb8519aa,651d552965ccbc919793f47c
238,दुर्गा भगवती गाउँपालिका,651d4b1633e84749fb8519aa,651d4e2848c32a9d79647854
239,यमुनामाई गाउँपालिका,651d4b1633e84749fb8519aa,651d4e2848c32a9d79647854
240,कलैया उपमहानगरपालिका,651d4b1633e84749fb8519ab,651d4e4a48c32a9d79647856
241,जीतपुर सिमरा उपमहानगरपालिका,651d4b1633e84749fb8519ab,651d4e4a48c32a9d79647856
242,कोल्हवी नगरपालिका,651d4b1633e84749fb8519ab,651d552965ccbc919793f47c
243,निजगढ नगरपालिका,651d4b1633e84749fb8519ab,651d552965ccbc919793f47c
244,महागढीमाई नगरपालिका,651d4b1633e84749fb8519ab,651d552965ccbc919793f47c
245,सिम्रौनगढ नगरपालिका,651d4b1633e84749fb8519ab,651d552965ccbc919793f47c
246,पचरौता नगरपालिका,651d4b1633e84749fb8519ab,651d552965ccbc919793f47c
247,आदर्श कोटवाल गाउँपालिका,651d4b1633e84749fb8519ab,651d4e2848c32a9d79647854
248,करैयामाई गाउँपालिका,651d4b1633e84749fb8519ab,651d4e2848c32a9d79647854
249,देवताल गाउँपालिका,651d4b1633e84749fb8519ab,651d4e2848c32a9d79647854
250,परवानीपुर गाउँपालिका,651d4b1633e84749fb8519ab,651d4e2848c32a9d79647854
251,प्रसौनी गाउँपालिका,651d4b1633e84749fb8519ab,651d4e2848c32a9d79647854
252,फेटा गाउँपालिका,651d4b1633e84749fb8519ab,651d4e2848c32a9d79647854
253,बारागढीगाउँपालिका,651d4b1633e84749fb8519ab,651d4e2848c32a9d79647854
254,सुवर्ण गाउँपालिका,651d4b1633e84749fb8519ab,651d4e2848c32a9d79647854
255,विश्रामपुर गाउँपालिका,651d4b1633e84749fb8519ab,651d4e2848c32a9d79647854
256,बिरगंज महानगरपालिका,651d4b1633e84749fb8519ac,651d4e5a48c32a9d79647858
257,पोखरिया नगरपालिका,651d4b1633e84749fb8519ac,651d552965ccbc919793f47c
258,बहुदरमाई नगरपालिका,651d4b1633e84749fb8519ac,651d552965ccbc919793f47c
259,पर्सागढी नगरपालिका,651d4b1633e84749fb8519ac,651d552965ccbc919793f47c
260,ठोरी गाउँपालिका,651d4b1633e84749fb8519ac,651d4e2848c32a9d79647854
261,जगरनाथपुर गाउँपालिका,651d4b1633e84749fb8519ac,651d4e2848c32a9d79647854
262,धोबीनी गाउँपालिका,651d4b1633e84749fb8519ac,651d4e2848c32a9d79647854
263,छिपहरमाई गाउँपालिका,651d4b1633e84749fb8519ac,651d4e2848c32a9d79647854
264,पकाहा मैनपुर गाउँपालिका,651d4b1633e84749fb8519ac,651d4e2848c32a9d79647854
265,बिन्दबासिनी गाउँपालिका,651d4b1633e84749fb8519ac,651d4e2848c32a9d79647854
266,सखुवा प्रसौनी गाउँपालिका,651d4b1633e84749fb8519ac,651d4e2848c32a9d79647854
267,पटेर्वा सुगौली गाउँपालिका,651d4b1633e84749fb8519ac,651d4e2848c32a9d79647854
268,कालिकामाई गाउँपालिका,651d4b1633e84749fb8519ac,651d4e2848c32a9d79647854
269,जिरा भवानी गाउँपालिका,651d4b1633e84749fb8519ac,651d4e2848c32a9d79647854
270,कमलामाई नगरपालिका,651d4b1633e84749fb8519ad,651d552965ccbc919793f47c
271,दुधौली नगरपालिका,651d4b1633e84749fb8519ad,651d552965ccbc919793f47c
272,गोलन्जर गाउँपालिका,651d4b1633e84749fb8519ad,651d4e2848c32a9d79647854
273,घ्याङलेख गाउँपालिका,651d4b1633e84749fb8519ad,651d4e2848c32a9d79647854
274,तीनपाटन गाउँपालिका,651d4b1633e84749fb8519ad,651d4e2848c32a9d79647854
275,फिक्कल गाउँपालिका,651d4b1633e84749fb8519ad,651d4e2848c32a9d79647854
276,मरिण गाउँपालिका,651d4b1633e84749fb8519ad,651d4e2848c32a9d79647854
277,हरिहरपुरगढी गाउँपालिका,651d4b1633e84749fb8519ad,651d4e2848c32a9d79647854
278,मन्थली नगरपालिका,651d4b1633e84749fb8519ae,651d552965ccbc919793f47c
279,रामेछाप नगरपालिका,651d4b1633e84749fb8519ae,651d552965ccbc919793f47c
280,उमाकुण्ड गाउँपालिका,651d4b1633e84749fb8519ae,651d4e2848c32a9d79647854
281,खाँडादेवी गाउँपालिका,651d4b1633e84749fb8519ae,651d4e2848c32a9d79647854
282,गोकुलगङ्गा गाउँपालिका,651d4b1633e84749fb8519ae,651d4e2848c32a9d79647854
283,दोरम्बा गाउँपालिका,651d4b1633e84749fb8519ae,651d4e2848c32a9d79647854
284,सुनापती गाउँपालिका,651d4b1633e84749fb8519ae,651d4e2848c32a9d79647854
285,जिरी नगरपालिका,651d4b1633e84749fb8519af,651d552965ccbc919793f47c
286,भिमेश्वर नगरपालिका,651d4b1633e84749fb8519af,651d552965ccbc919793f47c
287,कालिन्चोक गाउँपालिका,651d4b1633e84749fb8519af,651d4e2848c32a9d79647854
288,गौरीशङ्कर गाउँपालिका,651d4b1633e84749fb8519af,651d4e2848c32a9d79647854
289,तामाकोशी गाउँपालिका,651d4b1633e84749fb8519af,651d4e2848c32a9d79647854
290,मेलुङ्ग गाउँपालिका,651d4b1633e84749fb8519af,651d4e2848c32a9d79647854
291,विगु गाउँपालिका,651d4b1633e84749fb8519af,651d4e2848c32a9d79647854
292,वैतेश्वर गाउँपालिका,651d4b1633e84749fb8519af,651d4e2848c32a9d79647854
293,शैलुङ्ग गाउँपालिका,651d4b1633e84749fb8519af,651d4e2848c32a9d79647854
294,चौतारा साँगाचोकगढी नगरपालिका,651d4b1633e84749fb8519b0,651d552965ccbc919793f47c
295,बाह्रविसे नगरपालिका,651d4b1633e84749fb8519b0,651d552965ccbc919793f47c
296,मेलम्ची नगरपालिका,651d4b1633e84749fb8519b0,651d552965ccbc919793f47c
297,ईन्द्रावती गाउँपालिका,651d4b1633e84749fb8519b0,651d4e2848c32a9d79647854
298,जुगल गाउँपालिका,651d4b1633e84749fb8519b0,651d4e2848c32a9d79647854
299,पाँचपोखरी थाङपाल गाउँपालिका,651d4b1633e84749fb8519b0,651d4e2848c32a9d79647854
300,बलेफी गाउँपालिका,651d4b1633e84749fb8519b0,651d4e2848c32a9d79647854
301,भोटेकोशी गाउँपालिका,651d4b1633e84749fb8519b0,651d4e2848c32a9d79647854
302,लिसङ्खु पाखर गाउँपालिका,651d4b1633e84749fb8519b0,651d4e2848c32a9d79647854
303,हेलम्बु गाउँपालिका,651d4b1633e84749fb8519b0,651d4e2848c32a9d79647854
304,त्रिपुरासुन्दरी गाउँपालिका,651d4b1633e84749fb8519b0,651d4e2848c32a9d79647854
305,धुलिखेल नगरपालिका,651d4b1633e84749fb8519b1,651d552965ccbc919793f47c
306,बनेपा नगरपालिका,651d4b1633e84749fb8519b1,651d552965ccbc919793f47c
307,पनौती नगरपालिका,651d4b1633e84749fb8519b1,651d552965ccbc919793f47c
308,पाँचखाल नगरपालिका,651d4b1633e84749fb8519b1,651d552965ccbc919793f47c
309,नमोबुद्ध नगरपालिका,651d4b1633e84749fb8519b1,651d552965ccbc919793f47c
310,मण्डनदेउपुर नगरपालिका,651d4b1633e84749fb8519b1,651d552965ccbc919793f47c
311,खानीखोला गाउँपालिका,651d4b1633e84749fb8519b1,651d4e2848c32a9d79647854
312,चौंरीदेउराली गाउँपालिका,651d4b1633e84749fb8519b1,651d4e2848c32a9d79647854
313,तेमाल गाउँपालिका,651d4b1633e84749fb8519b1,651d4e2848c32a9d79647854
314,बेथानचोक गाउँपालिका,651d4b1633e84749fb8519b1,651d4e2848c32a9d79647854
315,भुम्लु गाउँपालिका,651d4b1633e84749fb8519b1,651d4e2848c32a9d79647854
316,महाभारत गाउँपालिका,651d4b1633e84749fb8519b1,651d4e2848c32a9d79647854
317,रोशी गाउँपालिका,651d4b1633e84749fb8519b1,651d4e2848c32a9d79647854
318,ललितपुर महानगरपालिका,651d4b1633e84749fb8519b2,651d4e5a48c32a9d79647858
319,गोदावरी नगरपालिका,651d4b1633e84749fb8519b2,651d552965ccbc919793f47c
320,कोन्ज्योसोम गाउँपालिका,651d4b1633e84749fb8519b2,651d4e2848c32a9d79647854
321,बागमती गाउँपालिका,651d4b1633e84749fb8519b2,651d4e2848c32a9d79647854
322,महाङ्काल गाउँपालिका,651d4b1633e84749fb8519b2,651d4e2848c32a9d79647854
323,चाँगुनारायण नगरपालिका,651d4b1633e84749fb8519b3,651d552965ccbc919793f47c
324,भक्तपुर नगरपालिका,651d4b1633e84749fb8519b3,651d552965ccbc919793f47c
325,मध्यपुर थिमी नगरपालिका,651d4b1633e84749fb8519b3,651d552965ccbc919793f47c
326,सूर्यविनायक नगरपालिका,651d4b1633e84749fb8519b3,651d552965ccbc919793f47c
327,काठमाण्डौं महानगरपालिका,651d4b1633e84749fb8519b4,651d4e5a48c32a9d79647858
328,कागेश्वरी मनोहरा नगरपालिका,651d4b1633e84749fb8519b4,651d552965ccbc919793f47c
329,कीर्तिपुर नगरपालिका,651d4b1633e84749fb8519b4,651d552965ccbc919793f47c
330,गोकर्णेश्वर नगरपालिका,651d4b1633e84749fb8519b4,651d552965ccbc919793f47c
331,चन्द्रागिरी नगरपालिका,651d4b1633e84749fb8519b4,651d552965ccbc919793f47c
332,टोखा नगरपालिका,651d4b1633e84749fb8519b4,651d552965ccbc919793f47c
333,तारकेश्वर नगरपालिका,651d4b1633e84749fb8519b4,651d552965ccbc919793f47c
334,दक्षिणकाली नगरपालिका,651d4b1633e84749fb8519b4,651d552965ccbc919793f47c
335,नागार्जुन नगरपालिका,651d4b1633e84749fb8519b4,651d552965ccbc919793f47c
336,बुढानिलकण्ठ नगरपालिका,651d4b1633e84749fb8519b4,651d552965ccbc919793f47c
337,शङ्खरापुर नगरपालिका,651d4b1633e84749fb8519b4,651d552965ccbc919793f47c
338,विदुर नगरपालिका,651d4b1633e84749fb8519b5,651d552965ccbc919793f47c
339,बेलकोटगढी नगरपालिका,651d4b1633e84749fb8519b5,651d552965ccbc919793f47c
340,ककनी गाउँपालिका,651d4b1633e84749fb8519b5,651d4e2848c32a9d79647854
341,किस्पाङ गाउँपालिका,651d4b1633e84749fb8519b5,651d4e2848c32a9d79647854
342,तादी गाउँपालिका,651d4b1633e84749fb8519b5,651d4e2848c32a9d79647854
343,तारकेश्वर गाउँपालिका,651d4b1633e84749fb8519b5,651d4e2848c32a9d79647854
344,दुप्चेश्वर गाउँपालिका,651d4b1633e84749fb8519b5,651d4e2848c32a9d79647854
345,पञ्चकन्या गाउँपालिका,651d4b1633e84749fb8519b5,651d4e2848c32a9d79647854
346,मेघाङ गाउँपालिका,651d4b1633e84749fb8519b5,651d4e2848c32a9d79647854
347,शिवपुरी गाउँपालिका,651d4b1633e84749fb8519b5,651d4e2848c32a9d79647854
348,सुर्यगढी गाउँपालिका,651d4b1633e84749fb8519b5,651d4e2848c32a9d79647854
349,उत्तरगया गाउँपालिका,651d4b1633e84749fb8519b6,651d4e2848c32a9d79647854
350,कालिका गाउँपालिका,651d4b1633e84749fb8519b6,651d4e2848c32a9d79647854
351,गोसाईकुण्ड गाउँपालिका,651d4b1633e84749fb8519b6,651d4e2848c32a9d79647854
352,नौकुण्ड गाउँपालिका,651d4b1633e84749fb8519b6,651d4e2848c32a9d79647854
353,पार्वतीकुण्ड गाउँपालिका,651d4b1633e84749fb8519b6,651d4e2848c32a9d79647854
354,धुनीबेंशी नगरपालिका,651d4b1633e84749fb8519b7,651d552965ccbc919793f47c
355,निलकण्ठ नगरपालिका,651d4b1633e84749fb8519b7,651d552965ccbc919793f47c
356,खनियाबास गाउँपालिका,651d4b1633e84749fb8519b7,651d4e2848c32a9d79647854
357,गजुरी गाउँपालिका,651d4b1633e84749fb8519b7,651d4e2848c32a9d79647854
358,गल्छी गाउँपालिका,651d4b1633e84749fb8519b7,651d4e2848c32a9d79647854
359,गङ्गाजमुना गाउँपालिका,651d4b1633e84749fb8519b7,651d4e2848c32a9d79647854
360,ज्वालामूखी गाउँपालिका,651d4b1633e84749fb8519b7,651d4e2848c32a9d79647854
361,थाक्रे गाउँपालिका,651d4b1633e84749fb8519b7,651d4e2848c32a9d79647854
362,नेत्रावति गाउँपालिका,651d4b1633e84749fb8519b7,651d4e2848c32a9d79647854
363,बेनीघाट रोराङ्ग गाउँपालिका,651d4b1633e84749fb8519b7,651d4e2848c32a9d79647854
364,रुवी भ्याली गाउँपालिका,651d4b1633e84749fb8519b7,651d4e2848c32a9d79647854
365,सिद्धलेक गाउँपालिका,651d4b1633e84749fb8519b7,651d4e2848c32a9d79647854
366,हेटौडा उपमहानगरपालिका,651d4b1633e84749fb8519b8,651d4e4a48c32a9d79647856
367,थाहा नगरपालिका,651d4b1633e84749fb8519b8,651d552965ccbc919793f47c
368,इन्द्रसरोबर गाउँपालिका,651d4b1633e84749fb8519b8,651d4e2848c32a9d79647854
369,कैलाश गाउँपालिका,651d4b1633e84749fb8519b8,651d4e2848c32a9d79647854
370,बकैया गाउँपालिका,651d4b1633e84749fb8519b8,651d4e2848c32a9d79647854
371,बाग्मति गाउँपालिका,651d4b1633e84749fb8519b8,651d4e2848c32a9d79647854
372,भिमफेदी गाउँपालिका,651d4b1633e84749fb8519b8,651d4e2848c32a9d79647854
373,मकवानपुरगढी गाउँपालिका,651d4b1633e84749fb8519b8,651d4e2848c32a9d79647854
374,मनहरी गाउँपालिका,651d4b1633e84749fb8519b8,651d4e2848c32a9d79647854
375,राक्सिराङ्ग गाउँपालिका,651d4b1633e84749fb8519b8,651d4e2848c32a9d79647854
376,भरतपुर महानगरपालिका,651d4b1633e84749fb8519b9,651d4e5a48c32a9d79647858
377,कालिका नगरपालिका,651d4b1633e84749fb8519b9,651d552965ccbc919793f47c
378,खैरहनी नगरपालिका,651d4b1633e84749fb8519b9,651d552965ccbc919793f47c
379,माडी नगरपालिका,651d4b1633e84749fb8519b9,651d552965ccbc919793f47c
380,रत्ननगर नगरपालिका,651d4b1633e84749fb8519b9,651d552965ccbc919793f47c
381,राप्ती नगरपालिका,651d4b1633e84749fb8519b9,651d552965ccbc919793f47c
382,इच्छाकामना गाउँपालिका,651d4b1633e84749fb8519b9,651d4e2848c32a9d79647854
383,गोरखा नगरपालिका,651d4b1633e84749fb8519ba,651d552965ccbc919793f47c
384,पालुङटार नगरपालिका,651d4b1633e84749fb8519ba,651d552965ccbc919793f47c
385,सुलीकोट गाउँपालिका,651d4b1633e84749fb8519ba,651d4e2848c32a9d79647854
386,सिरानचोक गाउँपालिका,651d4b1633e84749fb8519ba,651d4e2848c32a9d79647854
387,अजिरकोट गाउँपालिका,651d4b1633e84749fb8519ba,651d4e2848c32a9d79647854
388,आरूघाट गाउँपालिका,651d4b1633e84749fb8519ba,651d4e2848c32a9d79647854
389,गण्डकी गाउँपालिका,651d4b1633e84749fb8519ba,651d4e2848c32a9d79647854
390,चुमनुव्री गाउँपालिका,651d4b1633e84749fb8519ba,651d4e2848c32a9d79647854
391,धार्चे गाउँपालिका,651d4b1633e84749fb8519ba,651d4e2848c32a9d79647854
392,भिमसेन गाउँपालिका,651d4b1633e84749fb8519ba,651d4e2848c32a9d79647854
393,शहिद लखन गाउँपालिका,651d4b1633e84749fb8519ba,651d4e2848c32a9d79647854
394,बेसीशहर नगरपालिका,651d4b1633e84749fb8519bb,651d552965ccbc919793f47c
395,मध्यनेपाल नगरपालिका,651d4b1633e84749fb8519bb,651d552965ccbc919793f47c
396,रार्इनास नगरपालिका,651d4b1633e84749fb8519bb,651d552965ccbc919793f47c
397,सुन्दरबजार नगरपालिका,651d4b1633e84749fb8519bb,651d552965ccbc919793f47c
398,क्व्होलासोथार गाउँपालिका,651d4b1633e84749fb8519bb,651d4e2848c32a9d79647854
399,दूधपोखरी गाउँपालिका,651d4b1633e84749fb8519bb,651d4e2848c32a9d79647854
400,दोर्दी गाउँपालिका,651d4b1633e84749fb8519bb,651d4e2848c32a9d79647854
401,मर्स्याङदी गाउँपालिका,651d4b1633e84749fb8519bb,651d4e2848c32a9d79647854
402,भानु नगरपालिका,651d4b1633e84749fb8519bc,651d552965ccbc919793f47c
403,भिमाद नगरपालिका,651d4b1633e84749fb8519bc,651d552965ccbc919793f47c
404,व्यास नगरपालिका,651d4b1633e84749fb8519bc,651d552965ccbc919793f47c
405,शुक्लागण्डकी नगरपालिका,651d4b1633e84749fb8519bc,651d552965ccbc919793f47c
406,आँबुखैरेनी गाउँपालिका,651d4b1633e84749fb8519bc,651d4e2848c32a9d79647854
407,ऋषिङ्ग गाउँपालिका,651d4b1633e84749fb8519bc,651d4e2848c32a9d79647854
408,घिरिङ गाउँपालिका,651d4b1633e84749fb8519bc,651d4e2848c32a9d79647854
409,देवघाट गाउँपालिका,651d4b1633e84749fb8519bc,651d4e2848c32a9d79647854
410,म्याग्दे गाउँपालिका,651d4b1633e84749fb8519bc,651d4e2848c32a9d79647854
411,वन्दिपुर गाउँपालिका,651d4b1633e84749fb8519bc,651d4e2848c32a9d79647854
412,गल्याङ नगरपालिका,651d4b1633e84749fb8519bd,651d552965ccbc919793f47c
413,चापाकोट नगरपालिका,651d4b1633e84749fb8519bd,651d552965ccbc919793f47c
414,पुतलीबजार नगरपालिका,651d4b1633e84749fb8519bd,651d552965ccbc919793f47c
415,भीरकोट नगरपालिका,651d4b1633e84749fb8519bd,651d552965ccbc919793f47c
416,वालिङ नगरपालिका,651d4b1633e84749fb8519bd,651d552965ccbc919793f47c
417,अर्जुनचौपारी गाउँपालिका,651d4b1633e84749fb8519bd,651d4e2848c32a9d79647854
418,आँधिखोला गाउँपालिका,651d4b1633e84749fb8519bd,651d4e2848c32a9d79647854
419,कालीगण्डकी गाउँपालिका,651d4b1633e84749fb8519bd,651d4e2848c32a9d79647854
420,फेदीखोला गाउँपालिका,651d4b1633e84749fb8519bd,651d4e2848c32a9d79647854
421,बिरुवा गाउँपालिका,651d4b1633e84749fb8519bd,651d4e2848c32a9d79647854
422,हरिनास गाउँपालिका,651d4b1633e84749fb8519bd,651d4e2848c32a9d79647854
423,पोखरा लेखनाथ महानगरपालिका,651d4b1633e84749fb8519be,651d4e5a48c32a9d79647858
424,अन्नपूर्ण गाउँपालिका,651d4b1633e84749fb8519be,651d4e2848c32a9d79647854
425,माछापुच्छ्रे गाउँपालिका,651d4b1633e84749fb8519be,651d4e2848c32a9d79647854
426,मादी गाउँपालिका,651d4b1633e84749fb8519be,651d4e2848c32a9d79647854
427,रूपा गाउँपालिका,651d4b1633e84749fb8519be,651d4e2848c32a9d79647854
428,चामे गाउँपालिका,651d4b1633e84749fb8519bf,651d4e2848c32a9d79647854
429,नारफू गाउँपालिका,651d4b1633e84749fb8519bf,651d4e2848c32a9d79647854
430,नाशोङ गाउँपालिका,651d4b1633e84749fb8519bf,651d4e2848c32a9d79647854
431,नेस्याङ गाउँपालिका,651d4b1633e84749fb8519bf,651d4e2848c32a9d79647854
432,घरपझोङ गाउँपालिका,651d4b1633e84749fb8519c0,651d4e2848c32a9d79647854
433,थासाङ गाउँपालिका,651d4b1633e84749fb8519c0,651d4e2848c32a9d79647854
434,दालोमे गाउँपालिका,651d4b1633e84749fb8519c0,651d4e2848c32a9d79647854
435,लोमन्थाङ गाउँपालिका,651d4b1633e84749fb8519c0,651d4e2848c32a9d79647854
436,वाह्रगाउँ मुक्तिक्षेत्र गाउँपालिका,651d4b1633e84749fb8519c0,651d4e2848c32a9d79647854
437,बेनी नगरपालिका,651d4b1633e84749fb8519c1,651d552965ccbc919793f47c
438,धवलागिरी गाउँपालिका,651d4b1633e84749fb8519c1,651d4e2848c32a9d79647854
439,मंगला गाउँपालिका,651d4b1633e84749fb8519c1,651d4e2848c32a9d79647854
440,मालिका गाउँपालिका,651d4b1633e84749fb8519c1,651d4e2848c32a9d79647854
441,रघुगंगा गाउँपालिका,651d4b1633e84749fb8519c1,651d4e2848c32a9d79647854
442,कुश्मा नगरपालिका,651d4b1633e84749fb8519c2,651d552965ccbc919793f47c
443,फलेवास नगरपालिका,651d4b1633e84749fb8519c2,651d552965ccbc919793f47c
444,जलजला गाउँपालिका,651d4b1633e84749fb8519c2,651d4e2848c32a9d79647854
445,पैयूं गाउँपालिका,651d4b1633e84749fb8519c2,651d4e2848c32a9d79647854
446,महाशिला गाउँपालिका,651d4b1633e84749fb8519c2,651d4e2848c32a9d79647854
447,मोदी गाउँपालिका,651d4b1633e84749fb8519c2,651d4e2848c32a9d79647854
448,विहादी गाउँपालिका,651d4b1633e84749fb8519c2,651d4e2848c32a9d79647854
449,बागलुङ नगरपालिका,651d4b1633e84749fb8519c3,651d552965ccbc919793f47c
450,गल्कोट नगरपालिका,651d4b1633e84749fb8519c3,651d552965ccbc919793f47c
451,जैमूनी नगरपालिका,651d4b1633e84749fb8519c3,651d552965ccbc919793f47c
452,ढोरपाटन नगरपालिका,651d4b1633e84749fb8519c3,651d552965ccbc919793f47c
453,वरेङ गाउँपालिका,651d4b1633e84749fb8519c3,651d4e2848c32a9d79647854
454,काठेखोला गाउँपालिका,651d4b1633e84749fb8519c3,651d4e2848c32a9d79647854
455,तमानखोला गाउँपालिका,651d4b1633e84749fb8519c3,651d4e2848c32a9d79647854
456,ताराखोला गाउँपालिका,651d4b1633e84749fb8519c3,651d4e2848c32a9d79647854
457,निसीखोला गाउँपालिका,651d4b1633e84749fb8519c3,651d4e2848c32a9d79647854
458,वडिगाड गाउँपालिका,651d4b1633e84749fb8519c3,651d4e2848c32a9d79647854
459,कावासोती नगरपालिका,651d4b1633e84749fb8519c4,651d552965ccbc919793f47c
460,गैडाकोट नगरपालिका,651d4b1633e84749fb8519c4,651d552965ccbc919793f47c
461,देवचुली नगरपालिका,651d4b1633e84749fb8519c4,651d552965ccbc919793f47c
462,मध्यविन्दु नगरपालिका,651d4b1633e84749fb8519c4,651d552965ccbc919793f47c
463,बुङ्दीकाली गाउँपालिका,651d4b1633e84749fb8519c4,651d4e2848c32a9d79647854
464,बुलिङटार गाउँपालिका,651d4b1633e84749fb8519c4,651d4e2848c32a9d79647854
465,विनयी त्रिवेणी गाउँपालिका,651d4b1633e84749fb8519c4,651d4e2848c32a9d79647854
466,हुप्सेकोट गाउँपालिका,651d4b1633e84749fb8519c4,651d4e2848c32a9d79647854
467,मुसिकोट नगरपालिका,651d4b1633e84749fb8519c5,651d552965ccbc919793f47c
468,रेसुङ्गा नगरपालिका,651d4b1633e84749fb8519c5,651d552965ccbc919793f47c
469,ईस्मा गाउँपालिका,651d4b1633e84749fb8519c5,651d4e2848c32a9d79647854
470,गुल्मी दरबार गाउँपालिका,651d4b1633e84749fb8519c5,651d4e2848c32a9d79647854
471,सत्यवती गाउँपालिका,651d4b1633e84749fb8519c5,651d4e2848c32a9d79647854
472,चन्द्रकोट गाउँपालिका,651d4b1633e84749fb8519c5,651d4e2848c32a9d79647854
473,रुरु गाउँपालिका,651d4b1633e84749fb8519c5,651d4e2848c32a9d79647854
474,छत्रकोट गाउँपालिका,651d4b1633e84749fb8519c5,651d4e2848c32a9d79647854
475,धुर्कोट गाउँपालिका,651d4b1633e84749fb8519c5,651d4e2848c32a9d79647854
476,मदाने गाउँपालिका,651d4b1633e84749fb8519c5,651d4e2848c32a9d79647854
477,रामपुर नगरपालिका,651d4b1633e84749fb8519c6,651d552965ccbc919793f47c
478,तानसेन नगरपालिका,651d4b1633e84749fb8519c6,651d552965ccbc919793f47c
479,निस्दी गाउँपालिका,651d4b1633e84749fb8519c6,651d4e2848c32a9d79647854
480,पूर्वखोला गाउँपालिका,651d4b1633e84749fb8519c6,651d4e2848c32a9d79647854
481,रम्भा गाउँपालिका,651d4b1633e84749fb8519c6,651d4e2848c32a9d79647854
482,माथागढी गाउँपालिका,651d4b1633e84749fb8519c6,651d4e2848c32a9d79647854
483,तिनाउ गाउँपालिका,651d4b1633e84749fb8519c6,651d4e2848c32a9d79647854
484,बगनासकाली गाउँपालिका,651d4b1633e84749fb8519c6,651d4e2848c32a9d79647854
485,रिब्दिकोट गाउँपालिका,651d4b1633e84749fb8519c6,651d4e2848c32a9d79647854
486,रैनादेवी छहरा गाउँपालिका,651d4b1633e84749fb8519c6,651d4e2848c32a9d79647854
487,बुटवल उपमहानगरपालिका,651d4b1633e84749fb8519c7,651d4e4a48c32a9d79647856
488,देवदह नगरपालिका,651d4b1633e84749fb8519c7,651d552965ccbc919793f47c
489,लुम्बिनी सांस्कृतिक नगरपालिका,651d4b1633e84749fb8519c7,651d552965ccbc919793f47c
490,सैनामैना नगरपालिका,651d4b1633e84749fb8519c7,651d552965ccbc919793f47c
491,सिद्धार्थनगर नगरपालिका,651d4b1633e84749fb8519c7,651d552965ccbc919793f47c
492,तिलोत्तमा नगरपालिका,651d4b1633e84749fb8519c7,651d552965ccbc919793f47c
493,गैडहवा गाउँपालिका,651d4b1633e84749fb8519c7,651d4e2848c32a9d79647854
494,कञ्चन गाउँपालिका,651d4b1633e84749fb8519c7,651d4e2848c32a9d79647854
495,कोटहीमाई गाउँपालिका,651d4b1633e84749fb8519c7,651d4e2848c32a9d79647854
496,मर्चवारी गाउँपालिका,651d4b1633e84749fb8519c7,651d4e2848c32a9d79647854
497,मायादेवी गाउँपालिका,651d4b1633e84749fb8519c7,651d4e2848c32a9d79647854
498,ओमसतिया गाउँपालिका,651d4b1633e84749fb8519c7,651d4e2848c32a9d79647854
499,रोहिणी गाउँपालिका,651d4b1633e84749fb8519c7,651d4e2848c32a9d79647854
500,सम्मरीमाई गाउँपालिका,651d4b1633e84749fb8519c7,651d4e2848c32a9d79647854
501,सियारी गाउँपालिका,651d4b1633e84749fb8519c7,651d4e2848c32a9d79647854
502,शुद्धोधन गाउँपालिका,651d4b1633e84749fb8519c7,651d4e2848c32a9d79647854
503,कपिलवस्तु नगरपालिका,651d4b1633e84749fb8519c8,651d552965ccbc919793f47c
504,बुद्धभूमी नगरपालिका,651d4b1633e84749fb8519c8,651d552965ccbc919793f47c
505,शिवराज नगरपालिका,651d4b1633e84749fb8519c8,651d552965ccbc919793f47c
506,महाराजगंज नगरपालिका,651d4b1633e84749fb8519c8,651d552965ccbc919793f47c
507,कृष्णनगर नगरपालिका,651d4b1633e84749fb8519c8,651d552965ccbc919793f47c
508,बाणगंगा नगरपालिका,651d4b1633e84749fb8519c8,651d552965ccbc919793f47c
509,यसोधरा गाउँपालिका,651d4b1633e84749fb8519c8,651d4e2848c32a9d79647854
510,सुद्धोधन गाउँपालिका,651d4b1633e84749fb8519c8,651d4e2848c32a9d79647854
511,विजयनगर गाउँपालिका,651d4b1633e84749fb8519c8,651d4e2848c32a9d79647854
512,सन्धिखर्क नगरपालिका,651d4b1633e84749fb8519c9,651d552965ccbc919793f47c
513,शितगंगा नगरपालिका,651d4b1633e84749fb8519c9,651d552965ccbc919793f47c
514,भूमिकास्थान नगरपालिका,651d4b1633e84749fb8519c9,651d552965ccbc919793f47c
515,छत्रदेव गाउँपालिका,651d4b1633e84749fb8519c9,651d4e2848c32a9d79647854
516,पाणिनी गाउँपालिका,651d4b1633e84749fb8519c9,651d4e2848c32a9d79647854
517,मालारानी गाउँपालिका,651d4b1633e84749fb8519c9,651d4e2848c32a9d79647854
518,प्यूठान नगरपालिका,651d4b1633e84749fb8519ca,651d552965ccbc919793f47c
519,स्वर्गद्वारी नगरपालिका,651d4b1633e84749fb8519ca,651d552965ccbc919793f47c
520,गौमुखी गाउँपालिका,651d4b1633e84749fb8519ca,651d4e2848c32a9d79647854
521,माण्डवी गाउँपालिका,651d4b1633e84749fb8519ca,651d4e2848c32a9d79647854
522,सरुमारानी गाउँपालिका,651d4b1633e84749fb8519ca,651d4e2848c32a9d79647854
523,मल्लरानी गाउँपालिका,651d4b1633e84749fb8519ca,651d4e2848c32a9d79647854
524,नौवहिनी गाउँपालिका,651d4b1633e84749fb8519ca,651d4e2848c32a9d79647854
525,झिमरुक गाउँपालिका,651d4b1633e84749fb8519ca,651d4e2848c32a9d79647854
526,ऐरावती गाउँपालिका,651d4b1633e84749fb8519ca,651d4e2848c32a9d79647854
527,रोल्पा नगरपालिका,651d4b1633e84749fb8519cb,651d552965ccbc919793f47c
528,त्रिवेणी गाउँपालिका,651d4b1633e84749fb8519cb,651d4e2848c32a9d79647854
529,दुईखोली गाउँपालिका,651d4b1633e84749fb8519cb,651d4e2848c32a9d79647854
530,माडी गाउँपालिका,651d4b1633e84749fb8519cb,651d4e2848c32a9d79647854
531,रुन्टीगढी गाउँपालिका,651d4b1633e84749fb8519cb,651d4e2848c32a9d79647854
532,लुङग्री गाउँपालिका,651d4b1633e84749fb8519cb,651d4e2848c32a9d79647854
533,सुकिदह गाउँपालिका,651d4b1633e84749fb8519cb,651d4e2848c32a9d79647854
534,सुनछहरी गाउँपालिका,651d4b1633e84749fb8519cb,651d4e2848c32a9d79647854
535,सुवर्णावती गाउँपालिका,651d4b1633e84749fb8519cb,651d4e2848c32a9d79647854
536,थवाङ गाउँपालिका,651d4b1633e84749fb8519cb,651d4e2848c32a9d79647854
537,पुथा उत्तरगंगा गाउँपालिका,651d4b1633e84749fb8519cc,651d4e2848c32a9d79647854
538,भूमे गाउँपालिका,651d4b1633e84749fb8519cc,651d4e2848c32a9d79647854
539,सिस्ने गाउँपालिका,651d4b1633e84749fb8519cc,651d4e2848c32a9d79647854
540,तुल्सीपुर उपमहानगरपालिका,651d4b1633e84749fb8519cd,651d4e4a48c32a9d79647856
541,घोराही उपमहानगरपालिका,651d4b1633e84749fb8519cd,651d4e4a48c32a9d79647856
542,लमही नगरपालिका,651d4b1633e84749fb8519cd,651d552965ccbc919793f47c
543,बंगलाचुली गाउँपालिका,651d4b1633e84749fb8519cd,651d4e2848c32a9d79647854
544,दंगीशरण गाउँपालिका,651d4b1633e84749fb8519cd,651d4e2848c32a9d79647854
545,गढवा गाउँपालिका,651d4b1633e84749fb8519cd,651d4e2848c32a9d79647854
546,राजपुर गाउँपालिका,651d4b1633e84749fb8519cd,651d4e2848c32a9d79647854
547,राप्ती गाउँपालिका,651d4b1633e84749fb8519cd,651d4e2848c32a9d79647854
548,शान्तिनगर गाउँपालिका,651d4b1633e84749fb8519cd,651d4e2848c32a9d79647854
549,बबई गाउँपालिका,651d4b1633e84749fb8519cd,651d4e2848c32a9d79647854
550,नेपालगंज उपमहानगरपालिका,651d4b1633e84749fb8519ce,651d4e4a48c32a9d79647856
551,कोहलपुर नगरपालिका,651d4b1633e84749fb8519ce,651d552965ccbc919793f47c
552,नरैनापुर गाउँपालिका,651d4b1633e84749fb8519ce,651d4e2848c32a9d79647854
553,राप्तीसोनारी गाउँपालिका,651d4b1633e84749fb8519ce,651d4e2848c32a9d79647854
554,बैजनाथ गाउँपालिका,651d4b1633e84749fb8519ce,651d4e2848c32a9d79647854
555,खजुरा गाउँपालिका,651d4b1633e84749fb8519ce,651d4e2848c32a9d79647854
556,डुडुवा गाउँपालिका,651d4b1633e84749fb8519ce,651d4e2848c32a9d79647854
557,जानकी गाउँपालिका,651d4b1633e84749fb8519ce,651d4e2848c32a9d79647854
558,गुलरिया नगरपालिका,651d4b1633e84749fb8519cf,651d552965ccbc919793f47c
559,मधुवन नगरपालिका,651d4b1633e84749fb8519cf,651d552965ccbc919793f47c
560,राजापुर नगरपालिका,651d4b1633e84749fb8519cf,651d552965ccbc919793f47c
561,ठाकुरबाबा नगरपालिका,651d4b1633e84749fb8519cf,651d552965ccbc919793f47c
562,बाँसगढी नगरपालिका,651d4b1633e84749fb8519cf,651d552965ccbc919793f47c
563,बारबर्दिया नगरपालिका,651d4b1633e84749fb8519cf,651d552965ccbc919793f47c
564,बढैयाताल गाउँपालिका,651d4b1633e84749fb8519cf,651d4e2848c32a9d79647854
565,गेरुवा गाउँपालिका,651d4b1633e84749fb8519cf,651d4e2848c32a9d79647854
566,बर्दघाट नगरपालिका,651d4b1633e84749fb8519d0,651d552965ccbc919793f47c
567,रामग्राम नगरपालिका,651d4b1633e84749fb8519d0,651d552965ccbc919793f47c
568,सुनवल नगरपालिका,651d4b1633e84749fb8519d0,651d552965ccbc919793f47c
569,सुस्ता गाउँपालिका,651d4b1633e84749fb8519d0,651d4e2848c32a9d79647854
570,पाल्हीनन्दन गाउँपालिका,651d4b1633e84749fb8519d0,651d4e2848c32a9d79647854
571,प्रतापपुर गाउँपालिका,651d4b1633e84749fb8519d0,651d4e2848c32a9d79647854
572,सरावल गाउँपालिका,651d4b1633e84749fb8519d0,651d4e2848c32a9d79647854
573,चौरजहारी नगरपालिका,651d4b1633e84749fb8519d1,651d552965ccbc919793f47c
574,आठबिसकोट नगरपालिका,651d4b1633e84749fb8519d1,651d552965ccbc919793f47c
575,बाँफिकोट गाउँपालिका,651d4b1633e84749fb8519d1,651d4e2848c32a9d79647854
576,सानी भेरी गाउँपालिका,651d4b1633e84749fb8519d1,651d4e2848c32a9d79647854
577,शारदा नगरपालिका,651d4b1633e84749fb8519d2,651d552965ccbc919793f47c
578,बागचौर नगरपालिका,651d4b1633e84749fb8519d2,651d552965ccbc919793f47c
579,बनगाड कुपिण्डे नगरपालिका,651d4b1633e84749fb8519d2,651d552965ccbc919793f47c
580,कालिमाटी गाउँपालिका,651d4b1633e84749fb8519d2,651d4e2848c32a9d79647854
581,कपुरकोट गाउँपालिका,651d4b1633e84749fb8519d2,651d4e2848c32a9d79647854
582,छत्रेश्वरी गाउँपालिका,651d4b1633e84749fb8519d2,651d4e2848c32a9d79647854
583,ढोरचौर गाउँपालिका,651d4b1633e84749fb8519d2,651d4e2848c32a9d79647854
584,कुमाखमालिका गाउँपालिका,651d4b1633e84749fb8519d2,651d4e2848c32a9d79647854
585,दार्मा गाउँपालिका,651d4b1633e84749fb8519d2,651d4e2848c32a9d79647854
586,बीरेन्द्रनगर नगरपालिका,651d4b1633e84749fb8519d3,651d552965ccbc919793f47c
587,भेरीगंगा नगरपालिका,651d4b1633e84749fb8519d3,651d552965ccbc919793f47c
588,गुर्भाकोट नगरपालिका,651d4b1633e84749fb8519d3,651d552965ccbc919793f47c
589,पञ्चपुरी नगरपालिका,651d4b1633e84749fb8519d3,651d552965ccbc919793f47c
590,लेकवेशी नगरपालिका,651d4b1633e84749fb8519d3,651d552965ccbc919793f47c
591,चौकुने गाउँपालिका,651d4b1633e84749fb8519d3,651d4e2848c32a9d79647854
592,बराहताल गाउँपालिका,651d4b1633e84749fb8519d3,651d4e2848c32a9d79647854
593,चिङ्गाड गाउँपालिका,651d4b1633e84749fb8519d3,651d4e2848c32a9d79647854
594,सिम्ता गाउँपालिका,651d4b1633e84749fb8519d3,651d4e2848c32a9d79647854
595,नारायण नगरपालिका,651d4b1633e84749fb8519d4,651d552965ccbc919793f47c
596,दुल्लु नगरपालिका,651d4b1633e84749fb8519d4,651d552965ccbc919793f47c
597,चामुण्डा विन्द्रासैनी नगरपालिका,651d4b1633e84749fb8519d4,651d552965ccbc919793f47c
598,आठबीस नगरपालिका,651d4b1633e84749fb8519d4,651d552965ccbc919793f47c
599,भगवतीमाई गाउँपालिका,651d4b1633e84749fb8519d4,651d4e2848c32a9d79647854
600,गुराँस गाउँपालिका,651d4b1633e84749fb8519d4,651d4e2848c32a9d79647854
601,डुंगेश्वर गाउँपालिका,651d4b1633e84749fb8519d4,651d4e2848c32a9d79647854
602,नौमुले गाउँपालिका,651d4b1633e84749fb8519d4,651d4e2848c32a9d79647854
603,महावु गाउँपालिका,651d4b1633e84749fb8519d4,651d4e2848c32a9d79647854
604,भैरवी गाउँपालिका,651d4b1633e84749fb8519d4,651d4e2848c32a9d79647854
605,ठाँटीकाँध गाउँपालिका,651d4b1633e84749fb8519d4,651d4e2848c32a9d79647854
606,भेरी नगरपालिका,651d4b1633e84749fb8519d5,651d552965ccbc919793f47c
607,छेडागाड नगरपालिका,651d4b1633e84749fb8519d5,651d552965ccbc919793f47c
608,त्रिवेणी नलगाड नगरपालिका,651d4b1633e84749fb8519d5,651d552965ccbc919793f47c
609,बारेकोट गाउँपालिका,651d4b1633e84749fb8519d5,651d4e2848c32a9d79647854
610,कुसे गाउँपालिका,651d4b1633e84749fb8519d5,651d4e2848c32a9d79647854
611,जुनीचाँदे गाउँपालिका,651d4b1633e84749fb8519d5,651d4e2848c32a9d79647854
612,शिवालय गाउँपालिका,651d4b1633e84749fb8519d5,651d4e2848c32a9d79647854
613,ठुली भेरी नगरपालिका,651d4b1633e84749fb8519d6,651d552965ccbc919793f47c
614,त्रिपुरासुन्दरी नगरपालिका,651d4b1633e84749fb8519d6,651d552965ccbc919793f47c
615,डोल्पो बुद्ध गाउँपालिका,651d4b1633e84749fb8519d6,651d4e2848c32a9d79647854
616,शे फोक्सुन्डो गाउँपालिका,651d4b1633e84749fb8519d6,651d4e2848c32a9d79647854
617,जगदुल्ला गाउँपालिका,651d4b1633e84749fb8519d6,651d4e2848c32a9d79647854
618,मुड्केचुला गाउँपालिका,651d4b1633e84749fb8519d6,651d4e2848c32a9d79647854
619,काईके गाउँपालिका,651d4b1633e84749fb8519d6,651d4e2848c32a9d79647854
620,छार्का ताङसोङ गाउँपालिका,651d4b1633e84749fb8519d6,651d4e2848c32a9d79647854
621,चन्दननाथ नगरपालिका,651d4b1633e84749fb8519d7,651d552965ccbc919793f47c
622,कनकासुन्दरी गाउँपालिका,651d4b1633e84749fb8519d7,651d4e2848c32a9d79647854
623,सिंजा गाउँपालिका,651d4b1633e84749fb8519d7,651d4e2848c32a9d79647854
624,हिमा गाउँपालिका,651d4b1633e84749fb8519d7,651d4e2848c32a9d79647854
625,तिला गाउँपालिका,651d4b1633e84749fb8519d7,651d4e2848c32a9d79647854
626,गुठिचौर गाउँपालिका,651d4b1633e84749fb8519d7,651d4e2848c32a9d79647854
627,तातोपानी गाउँपालिका,651d4b1633e84749fb8519d7,651d4e2848c32a9d79647854
628,पातारासी गाउँपालिका,651d4b1633e84749fb8519d7,651d4e2848c32a9d79647854
629,खाँडाचक्र नगरपालिका,651d4b1633e84749fb8519d8,651d552965ccbc919793f47c
630,रास्कोट नगरपालिका,651d4b1633e84749fb8519d8,651d552965ccbc919793f47c
631,तिलागुफा नगरपालिका,651d4b1633e84749fb8519d8,651d552965ccbc919793f47c
632,पचालझरना गाउँपालिका,651d4b1633e84749fb8519d8,651d4e2848c32a9d79647854
633,सान्नी त्रिवेणी गाउँपालिका,651d4b1633e84749fb8519d8,651d4e2848c32a9d79647854
634,नरहरिनाथ गाउँपालिका,651d4b1633e84749fb8519d8,651d4e2848c32a9d79647854
635,महावै गाउँपालिका,651d4b1633e84749fb8519d8,651d4e2848c32a9d79647854
636,पलाता गाउँपालिका,651d4b1633e84749fb8519d8,651d4e2848c32a9d79647854
637,छायाँनाथ रारा नगरपालिका,651d4b1633e84749fb8519d9,651d552965ccbc919793f47c
638,मुगुम कार्मारोंग गाउँपालिका,651d4b1633e84749fb8519d9,651d4e2848c32a9d79647854
639,सोरु गाउँपालिका,651d4b1633e84749fb8519d9,651d4e2848c32a9d79647854
640,खत्याड गाउँपालिका,651d4b1633e84749fb8519d9,651d4e2848c32a9d79647854
641,सिमकोट गाउँपालिका,651d4b1633e84749fb8519da,651d4e2848c32a9d79647854
642,नाम्खा गाउँपालिका,651d4b1633e84749fb8519da,651d4e2848c32a9d79647854
643,खार्पुनाथ गाउँपालिका,651d4b1633e84749fb8519da,651d4e2848c32a9d79647854
644,सर्केगाड गाउँपालिका,651d4b1633e84749fb8519da,651d4e2848c32a9d79647854
645,चंखेली गाउँपालिका,651d4b1633e84749fb8519da,651d4e2848c32a9d79647854
646,अदानचुली गाउँपालिका,651d4b1633e84749fb8519da,651d4e2848c32a9d79647854
647,ताँजाकोट गाउँपालिका,651d4b1633e84749fb8519da,651d4e2848c32a9d79647854
648,बडीमालिका नगरपालिका,651d4b1633e84749fb8519db,651d552965ccbc919793f47c
649,त्रिवेणी नगरपालिका,651d4b1633e84749fb8519db,651d552965ccbc919793f47c
650,बुढीगंगा नगरपालिका,651d4b1633e84749fb8519db,651d552965ccbc919793f47c
651,बुढीनन्दा नगरपालिका,651d4b1633e84749fb8519db,651d552965ccbc919793f47c
652,गौमुल गाउँपालिका,651d4b1633e84749fb8519db,651d4e2848c32a9d79647854
653,पाण्डव गुफा गाउँपालिका,651d4b1633e84749fb8519db,651d4e2848c32a9d79647854
654,स्वामीकार्तिक गाउँपालिका,651d4b1633e84749fb8519db,651d4e2848c32a9d79647854
655,छेडेदह गाउँपालिका,651d4b1633e84749fb8519db,651d4e2848c32a9d79647854
656,हिमाली गाउँपालिका,651d4b1633e84749fb8519db,651d4e2848c32a9d79647854
657,जयपृथ्वी नगरपालिका,651d4b1633e84749fb8519dc,651d552965ccbc919793f47c
658,बुंगल नगरपालिका,651d4b1633e84749fb8519dc,651d552965ccbc919793f47c
659,तलकोट गाउँपालिका,651d4b1633e84749fb8519dc,651d4e2848c32a9d79647854
660,मष्टा गाउँपालिका,651d4b1633e84749fb8519dc,651d4e2848c32a9d79647854
661,खप्तडछान्ना गाउँपालिका,651d4b1633e84749fb8519dc,651d4e2848c32a9d79647854
662,थलारा गाउँपालिका,651d4b1633e84749fb8519dc,651d4e2848c32a9d79647854
663,वित्थडचिर गाउँपालिका,651d4b1633e84749fb8519dc,651d4e2848c32a9d79647854
664,सूर्मा गाउँपालिका,651d4b1633e84749fb8519dc,651d4e2848c32a9d79647854
665,छबिसपाथिभेरा गाउँपालिका,651d4b1633e84749fb8519dc,651d4e2848c32a9d79647854
666,दुर्गाथली गाउँपालिका,651d4b1633e84749fb8519dc,651d4e2848c32a9d79647854
667,केदारस्युँ गाउँपालिका,651d4b1633e84749fb8519dc,651d4e2848c32a9d79647854
668,काँडा गाउँपालिका,651d4b1633e84749fb8519dc,651d4e2848c32a9d79647854
669,मंगलसेन नगरपालिका,651d4b1633e84749fb8519dd,651d552965ccbc919793f47c
670,कमलबजार नगरपालिका,651d4b1633e84749fb8519dd,651d552965ccbc919793f47c
671,साँफेबगर नगरपालिका,651d4b1633e84749fb8519dd,651d552965ccbc919793f47c
672,पन्चदेवल विनायक नगरपालिका,651d4b1633e84749fb8519dd,651d552965ccbc919793f47c
673,चौरपाटी गाउँपालिका,651d4b1633e84749fb8519dd,651d4e2848c32a9d79647854
674,मेल्लेख गाउँपालिका,651d4b1633e84749fb8519dd,651d4e2848c32a9d79647854
675,बान्निगढी जयगढ गाउँपालिका,651d4b1633e84749fb8519dd,651d4e2848c32a9d79647854
676,रामारोशन गाउँपालिका,651d4b1633e84749fb8519dd,651d4e2848c32a9d79647854
677,ढकारी गाउँपालिका,651d4b1633e84749fb8519dd,651d4e2848c32a9d79647854
678,तुर्माखाँद गाउँपालिका,651d4b1633e84749fb8519dd,651d4e2848c32a9d79647854
679,दिपायल सिलगढी नगरपालिका,651d4b1633e84749fb8519de,651d552965ccbc919793f47c
680,शिखर नगरपालिका,651d4b1633e84749fb8519de,651d552965ccbc919793f47c
681,पूर्वीचौकी गाउँपालिका,651d4b1633e84749fb8519de,651d4e2848c32a9d79647854
682,बडीकेदार गाउँपालिका,651d4b1633e84749fb8519de,651d4e2848c32a9d79647854
683,जोरायल गाउँपालिका,651d4b1633e84749fb8519de,651d4e2848c32a9d79647854
684,सायल गाउँपालिका,651d4b1633e84749fb8519de,651d4e2848c32a9d79647854
685,आदर्श गाउँपालिका,651d4b1633e84749fb8519de,651d4e2848c32a9d79647854
686,के.आई.सिं. गाउँपालिका,651d4b1633e84749fb8519de,651d4e2848c32a9d79647854
687,बोगटान गाउँपालिका,651d4b1633e84749fb8519de,651d4e2848c32a9d79647854
688,धनगढी उपमहानगरपालिका,651d4b1633e84749fb8519df,651d4e4a48c32a9d79647856
689,टिकापुर नगरपालिका,651d4b1633e84749fb8519df,651d552965ccbc919793f47c
690,घोडाघोडी नगरपालिका,651d4b1633e84749fb8519df,651d552965ccbc919793f47c
691,लम्कीचुहा नगरपालिका,651d4b1633e84749fb8519df,651d552965ccbc919793f47c
692,भजनी नगरपालिका,651d4b1633e84749fb8519df,651d552965ccbc919793f47c
693,गौरीगंगा नगरपालिका,651d4b1633e84749fb8519df,651d552965ccbc919793f47c
694,बर्दगोरिया गाउँपालिका,651d4b1633e84749fb8519df,651d4e2848c32a9d79647854
695,मोहन्याल गाउँपालिका,651d4b1633e84749fb8519df,651d4e2848c32a9d79647854
696,कैलारी गाउँपालिका,651d4b1633e84749fb8519df,651d4e2848c32a9d79647854
697,जोशीपुर गाउँपालिका,651d4b1633e84749fb8519df,651d4e2848c32a9d79647854
698,चुरे गाउँपालिका,651d4b1633e84749fb8519df,651d4e2848c32a9d79647854
699,भीमदत्त नगरपालिका,651d4b1633e84749fb8519e0,651d552965ccbc919793f47c
700,पुर्नवास नगरपालिका,651d4b1633e84749fb8519e0,651d552965ccbc919793f47c
701,वेदकोट नगरपालिका,651d4b1633e84749fb8519e0,651d552965ccbc919793f47c
702,महाकाली नगरपालिका,651d4b1633e84749fb8519e0,651d552965ccbc919793f47c
703,शुक्लाफाँटा नगरपालिका,651d4b1633e84749fb8519e0,651d552965ccbc919793f47c
704,बेलौरी नगरपालिका,651d4b1633e84749fb8519e0,651d552965ccbc919793f47c
705,कृष्णपुर नगरपालिका,651d4b1633e84749fb8519e0,651d552965ccbc919793f47c
706,बेलडाडी गाउँपालिका,651d4b1633e84749fb8519e0,651d4e2848c32a9d79647854
707,लालझाडी गाउँपालिका,651d4b1633e84749fb8519e0,651d4e2848c32a9d79647854
708,अमरगढी नगरपालिका,651d4b1633e84749fb8519e1,651d552965ccbc919793f47c
709,परशुराम नगरपालिका,651d4b1633e84749fb8519e1,651d552965ccbc919793f47c
710,आलिताल गाउँपालिका,651d4b1633e84749fb8519e1,651d4e2848c32a9d79647854
711,भागेश्वर गाउँपालिका,651d4b1633e84749fb8519e1,651d4e2848c32a9d79647854
712,नवदुर्गा गाउँपालिका,651d4b1633e84749fb8519e1,651d4e2848c32a9d79647854
713,अजयमेरु गाउँपालिका,651d4b1633e84749fb8519e1,651d4e2848c32a9d79647854
714,गन्यापधुरा गाउँपालिका,651d4b1633e84749fb8519e1,651d4e2848c32a9d79647854
715,दशरथचन्द नगरपालिका,651d4b1633e84749fb8519e2,651d552965ccbc919793f47c
716,पाटन नगरपालिका,651d4b1633e84749fb8519e2,651d552965ccbc919793f47c
717,मेलौली नगरपालिका,651d4b1633e84749fb8519e2,651d552965ccbc919793f47c
718,पुर्चौडी नगरपालिका,651d4b1633e84749fb8519e2,651d552965ccbc919793f47c
719,सुर्नया गाउँपालिका,651d4b1633e84749fb8519e2,651d4e2848c32a9d79647854
720,सिगास गाउँपालिका,651d4b1633e84749fb8519e2,651d4e2848c32a9d79647854
721,शिवनाथ गाउँपालिका,651d4b1633e84749fb8519e2,651d4e2848c32a9d79647854
722,पञ्चेश्वर गाउँपालिका,651d4b1633e84749fb8519e2,651d4e2848c32a9d79647854
723,दोगडाकेदार गाउँपालिका,651d4b1633e84749fb8519e2,651d4e2848c32a9d79647854
724,डीलासैनी गाउँपालिका,651d4b1633e84749fb8519e2,651d4e2848c32a9d79647854
725,शैल्यशिखर नगरपालिका,651d4b1633e84749fb8519e3,651d552965ccbc919793f47c
726,मालिकार्जुन गाउँपालिका,651d4b1633e84749fb8519e3,651d4e2848c32a9d79647854
727,अपिहिमाल गाउँपालिका,651d4b1633e84749fb8519e3,651d4e2848c32a9d79647854
728,दुहुँ गाउँपालिका,651d4b1633e84749fb8519e3,651d4e2848c32a9d79647854
729,नौगाड गाउँपालिका,651d4b1633e84749fb8519e3,651d4e2848c32a9d79647854
730,मार्मा गाउँपालिका,651d4b1633e84749fb8519e3,651d4e2848c32a9d79647854
731,लेकम गाउँपालिका,651d4b1633e84749fb8519e3,651d4e2848c32a9d79647854
732,ब्याँस गाउँपालिका,651d4b1633e84749fb8519e3,651d4e2848c32a9d79647854
